article_id,title,status,price_jpy,published_date,observed_relative_date,source_document,source_confidence,notes
note-article-0001,【初めての方へ】おすすめ記事・購入ガイド AI NSFW Library (2026年版),observed,,,,note_articles_screenshots_compiled.docx.zip,ocr_reviewed,published_date unavailable from input screenshots
note-article-0002,AI美女生成で何度やっても崩れる理由,observed,,,,note_articles_screenshots_compiled.docx.zip,ocr_reviewed,published_date unavailable from input screenshots
note-article-0003,【初回10部限定】NSFW・エロ寄りAI美女でTikTokとXを収益化する全手法,observed,,,,note_articles_screenshots_compiled.docx.zip,ocr_reviewed,published_date unavailable from input screenshots
note-article-0004,清楚・ギャル・お姉さん・地雷系…タイプ別『崩れにくい基本フォーム』完全設計マップ,observed,,,,note_articles_screenshots_compiled.docx.zip,ocr_reviewed,published_date unavailable from input screenshots
note-article-0005,同じ美女を崩さずに量産する『基本フォーム』設計! 200回以上試してわかった最小プロンプトの極意,observed,,,,note_articles_screenshots_compiled.docx.zip,ocr_reviewed,published_date unavailable from input screenshots
note-article-0006,Flux 2 Proで巨乳の形・質感・エロさを極める2026年最新テクニック,observed,,,,note_articles_screenshots_compiled.docx.zip,ocr_reviewed,published_date unavailable from input screenshots
note-article-0007,Fluxでプリケツ・爆尻を綺麗に出す最強テクニック2026年最新版,observed,,,,note_articles_screenshots_compiled.docx.zip,ocr_reviewed,published_date unavailable from input screenshots
note-article-0008,【4、アダルトNSFWガチャ】過激なプロンプト100個を手に入れろ!,observed,,,,note_articles_screenshots_compiled.docx.zip,ocr_reviewed,published_date unavailable from input screenshots
note-article-0009,【AI NSFWプロンプト】R18シーンをコピペで一発出力するStable Diffusion完全攻略 Vol.21,observed,,,,note_articles_screenshots_compiled.docx.zip,ocr_reviewed,published_date unavailable from input screenshots
note-article-0010,おっぱい・胸強調の鉄則とプロンプト実例集 | 2026年最新,observed,,,,note_articles_screenshots_compiled.docx.zip,ocr_reviewed,published_date unavailable from input screenshots
note-article-0011,着エロから脱がせるテクニック 徐々にエロくするプロンプト術,observed,,,,note_articles_screenshots_compiled.docx.zip,ocr_reviewed,published_date unavailable from input screenshots
note-article-0012,インペインティングでエロ画像を劇的に改善・強化する方法,observed,,,,note_articles_screenshots_compiled.docx.zip,ocr_reviewed,published_date unavailable from input screenshots
note-article-0013,Flux 2 Proで「プリケツ・爆尻」を綺麗に生成する特化テクニック,observed,,,,note_articles_screenshots_compiled.docx.zip,ocr_reviewed,published_date unavailable from input screenshots
note-article-0014,AIエロ動画生成の入り口! Flux + Grokで動くエロ画像を作る基本(2026年最新),observed,,,,note_articles_screenshots_compiled.docx.zip,ocr_reviewed,published_date unavailable from input screenshots
note-article-0015,【初心者〜中級者】プロンプトを10倍効率化するテンプレート術(2026年最新),observed,,,,note_articles_screenshots_compiled.docx.zip,ocr_reviewed,published_date unavailable from input screenshots
note-article-0016,【2026年最新】検閲を回避しつつエロさを最大化するプロンプト術,observed,,,,note_articles_screenshots_compiled.docx.zip,ocr_reviewed,published_date unavailable from input screenshots
note-article-0017,AIエロ画像生成にハマった私の失敗談と成功体験,observed,,,,note_articles_screenshots_compiled.docx.zip,ocr_reviewed,published_date unavailable from input screenshots
note-article-0018,NSFWプロンプト作成の鉄則5選 ただのエロから「売れる」クオリティへ,observed,,,,note_articles_screenshots_compiled.docx.zip,ocr_reviewed,published_date unavailable from input screenshots
note-article-0019,ありきたりな顔を卒業! 2026年最新AIでリアルで魅力的な日本人美女を作る方法,observed,,,,note_articles_screenshots_compiled.docx.zip,ocr_reviewed,published_date unavailable from input screenshots
note-article-0020,AIエロ画像が失敗する7つの原因と即効修正,observed,,,,note_articles_screenshots_compiled.docx.zip,ocr_reviewed,published_date unavailable from input screenshots
note-article-0021,【初心者向け】Fluxでエロ画像を綺麗に生成するための最初の一歩,observed,,,,note_articles_screenshots_compiled.docx.zip,ocr_reviewed,published_date unavailable from input screenshots
note-article-0022,ClaudeのNSFWフィルター完全回避ハードプロンプト10選,observed,,,,note_articles_screenshots_compiled.docx.zip,ocr_reviewed,published_date unavailable from input screenshots
note-article-0023,AIエロ画像・動画で月収50万稼いだ私が使う売れるプロンプト全部見せます Grok・Flux・Leonardo対応,observed,,,,note_articles_screenshots_compiled.docx.zip,ocr_reviewed,published_date unavailable from input screenshots
note-article-0024,【清楚系巨乳OL特化】Grok Imagineでオフィスエロを極める禁断プロンプト50選+表情・衣装・シチュ,observed,,,,note_articles_screenshots_compiled.docx.zip,ocr_reviewed,published_date unavailable from input screenshots
note-article-0025,【2026年最新】Grok Imagineで1日10本バズNSFW動画を量産する神プロンプト20選+X投稿完全攻略マニュアル,observed,,,,note_articles_screenshots_compiled.docx.zip,ocr_reviewed,published_date unavailable from input screenshots
note-article-0026,AIアダルト画像生成のやり方を初心者の9割は間違えている,observed,,,,note_articles_screenshots_compiled.docx.zip,ocr_reviewed,published_date unavailable from input screenshots
note-article-0027,3つのSNSを横断してプロンプトを自動収集!? n8n x Notion完全構築ガイド,observed,,,,note_articles_screenshots_compiled.docx.zip,ocr_reviewed,published_date unavailable from input screenshots
note-article-0028,GrokでNTRロールプレイ完全システムを作ろう,observed,,,,note_articles_screenshots_compiled.docx.zip,ocr_reviewed,published_date unavailable from input screenshots
note-article-0029,Grok Imagineで作るXバズ動画のプロンプト10選投稿術!!【2026年最新】,observed,,,,note_articles_screenshots_compiled.docx.zip,ocr_reviewed,published_date unavailable from input screenshots
note-article-0030,【4成人向け】AIで月〇万円以上稼ぐ秘密のアダルト手法を私が全部晒す突破マニュアル,observed,,,,note_articles_screenshots_compiled.docx.zip,ocr_reviewed,published_date unavailable from input screenshots
note-article-0031,【完全成人向け】「頑張ってるのに全然売れない…」AIアダルトで月10万円の壁を超えられない方に必見!!,observed,,,,note_articles_screenshots_compiled.docx.zip,ocr_reviewed,published_date unavailable from input screenshots
note-article-0032,OATHARABBRHREIFUY クで生成する禁断技術,observed,,,,note_articles_screenshots_compiled.docx.zip,ocr_reviewed,published_date unavailable from input screenshots
note-article-0033,【GAMER5S000KHA】2026年版 骨エロプロンプト100個 ComfyUI神ワークフロー完全セット,observed,,,,note_articles_screenshots_compiled.docx.zip,ocr_reviewed,published_date unavailable from input screenshots
note-article-0034,【画像生成AI】日常が一瞬で映画になる「エモい日本人女性ポートレート」をリアルに再現する方法,observed,,,,note_articles_screenshots_compiled.docx.zip,ocr_reviewed,published_date unavailable from input screenshots
note-article-0035,【実写超え】2026年最新AIエロ画像生成ツール徹底比較,observed,,,,note_articles_screenshots_compiled.docx.zip,ocr_reviewed,published_date unavailable from input screenshots
note-article-0036,【Kling・Grok完全対応】NSFW動画大量プロンプト配布!! 胸揺れ・腰振り・汗だく・吐息の動きに特化,observed,,,,note_articles_screenshots_compiled.docx.zip,ocr_reviewed,published_date unavailable from input screenshots
note-article-0037,【過激注意】コピペで誰でも使えるアダルトプロンプトを作りました,observed,,,,note_articles_screenshots_compiled.docx.zip,ocr_reviewed,published_date unavailable from input screenshots
note-article-0038,【NSFW専用】若い日本人アイドル プリッツェルポーズ超蒼白肌,observed,,,,note_articles_screenshots_compiled.docx.zip,ocr_reviewed,published_date unavailable from input screenshots
note-article-0039,【最新版】Kling AIで美女動画を量産する完全プロンプト集100選! スージーQ式,observed,,,,note_articles_screenshots_compiled.docx.zip,ocr_reviewed,published_date unavailable from input screenshots
note-article-0040,【4、即BAN級】どのAIでも使えるNSFWプロンプト300選! Grok対応・コピペ即使用可,observed,,,,note_articles_screenshots_compiled.docx.zip,ocr_reviewed,published_date unavailable from input screenshots
note-article-0041,R18専用プロンプト集のオールスターを作ってみた!!,observed,,,,note_articles_screenshots_compiled.docx.zip,ocr_reviewed,published_date unavailable from input screenshots
note-article-0042,無修正級アダルト画像を量産する禁断のテクニック!?,observed,,,,note_articles_screenshots_compiled.docx.zip,ocr_reviewed,published_date unavailable from input screenshots
note-article-0043,2026年Grok暴走と規制強化の中で生き残るAIアダルトプロンプト付き完全活用ガイド!,observed,,,,note_articles_screenshots_compiled.docx.zip,ocr_reviewed,published_date unavailable from input screenshots
note-article-0044,【2026年4月版】Kling AIで作るAI美女動画の隠されたテクニック集,observed,,,,note_articles_screenshots_compiled.docx.zip,ocr_reviewed,published_date unavailable from input screenshots
note-article-0045,【2026年最新版】Kling AI高度プロンプトエンジニアリングの真実とAI美女動画でX収益化を完全攻略する全手順,observed,,,,note_articles_screenshots_compiled.docx.zip,ocr_reviewed,published_date unavailable from input screenshots
note-article-0046,【NSFWプロンプト&特典付き】SNS運用xAIアダルトで月収20万円を実現した具体的な方法とツール!,observed,,,,note_articles_screenshots_compiled.docx.zip,ocr_reviewed,published_date unavailable from input screenshots
note-article-0047,AIを活用したポルノ官能小説の執筆ガイド(専用プロンプト付き),observed,,,,note_articles_screenshots_compiled.docx.zip,ocr_reviewed,published_date unavailable from input screenshots
note-article-0048,【完全成人向け】AI生成R18アダルトコンテンツ完全ガイド,observed,,,,note_articles_screenshots_compiled.docx.zip,ocr_reviewed,published_date unavailable from input screenshots
note-article-0049,顔出しなし・スキルゼロから月10万を稼いだ全手順・全工程 完全公開【特典3つ付き】,observed,,,,note_articles_screenshots_compiled.docx.zip,ocr_reviewed,published_date unavailable from input screenshots
note-article-0050,Grok Imagine Spicy Mode用アダルトプロンプト集を作りました,observed,,,,note_articles_screenshots_compiled.docx.zip,ocr_reviewed,published_date unavailable from input screenshots
note-article-0051,【2026年最新版】Grok用NSFWプロンプト500選 | ラッキースケベ画像を大量生成する実践プロンプト集,observed,,,,note_articles_screenshots_compiled.docx.zip,ocr_reviewed,published_date unavailable from input screenshots
note-article-0052,【AIx裏インスタ攻略3.0】SNS初心者が開始2ヶ月で月100万円を達成させるインスタ攻略術,observed,,,,note_articles_screenshots_compiled.docx.zip,ocr_reviewed,published_date unavailable from input screenshots
note-article-0053,パソコンなし&1日10分で月30万円稼いだ【裏垢革命】,observed,,,,note_articles_screenshots_compiled.docx.zip,ocr_reviewed,published_date unavailable from input screenshots
note-article-0054,AI画像コンテンツをnoteで販売する方法・売れる記事設計と収益化ガイド,observed,,,,note_articles_screenshots_compiled.docx.zip,ocr_reviewed,published_date unavailable from input screenshots
note-article-0055,【禁断の手法】GrokにR18アダルト画像を吐かせまくる裏技とプロンプト,observed,,,,note_articles_screenshots_compiled.docx.zip,ocr_reviewed,published_date unavailable from input screenshots
note-article-0056,【AI即BAN級プロンプト500個】日本人美女専用アダルト&NSFWプロンプトを完全攻略!,observed,,,,note_articles_screenshots_compiled.docx.zip,ocr_reviewed,published_date unavailable from input screenshots
note-article-0057,日本人美女のヌードがここまで再現されるとは…,observed,,,,note_articles_screenshots_compiled.docx.zip,ocr_reviewed,published_date unavailable from input screenshots
note-article-0058,【PRERBM】WAM 2KGM=EMO 戻した、AIと仕事をする7つの技術を紹介,observed,,,,note_articles_screenshots_compiled.docx.zip,ocr_reviewed,published_date unavailable from input screenshots
note-article-0059,【2026年4月版】Stable Diffusionで月5万円稼ぐ完全ロードマップ,observed,,,,note_articles_screenshots_compiled.docx.zip,ocr_reviewed,published_date unavailable from input screenshots
note-article-0060,【4、成人専用】最強クラスのアダルトNSFW専用プロンプト1000個パック Vol.46,observed,,,,note_articles_screenshots_compiled.docx.zip,ocr_reviewed,published_date unavailable from input screenshots
note-article-0061,アダルト&グラビア系プロンプト500個追加画像付き vol.45,observed,,,,note_articles_screenshots_compiled.docx.zip,ocr_reviewed,published_date unavailable from input screenshots
note-article-0062,Grokに『完全無制限アダルトモード』を強制起動させた,observed,,,,note_articles_screenshots_compiled.docx.zip,ocr_reviewed,published_date unavailable from input screenshots
note-article-0063,超絶グラビア美女300個プロンプト大公開! 水着・ランジェリー・ポロリ寸前グラドルをコピペで量産 vol.44,observed,,,,note_articles_screenshots_compiled.docx.zip,ocr_reviewed,published_date unavailable from input screenshots
note-article-0064,【完全NSFW専用プロンプト600個付き】透明感のある激エロセクシー女性を今すぐ生成! vol.43,observed,,,,note_articles_screenshots_compiled.docx.zip,ocr_reviewed,published_date unavailable from input screenshots
note-article-0065,【盗撮BAN確定級】無修正素人女性の隠し撮りプロンプト500個 vol.42,observed,,,,note_articles_screenshots_compiled.docx.zip,ocr_reviewed,published_date unavailable from input screenshots
note-article-0066,AI先生ごめんなさい…今日もエロプロンプトで遊んでます 超絶美女NSFW生成ガイド(R18) vol.41,observed,,,,note_articles_screenshots_compiled.docx.zip,ocr_reviewed,published_date unavailable from input screenshots
note-article-0067,【ヤバすぎ注意報】超絶美女がSM拘束!? アダルトNSFWプロンプト300個大公開!! vol.40,observed,,,,note_articles_screenshots_compiled.docx.zip,ocr_reviewed,published_date unavailable from input screenshots
note-article-0068,【大型セール中】素人女性がチャットレディで爆速で稼いだ全テンプレ会話術+プロフィール完全コピペ2026,observed,,,,note_articles_screenshots_compiled.docx.zip,ocr_reviewed,published_date unavailable from input screenshots
note-article-0069,超絶ドスケベ美女が悶絶しまくり! NSFWアダルトプロンプト300個大爆発 vol.39,observed,,,,note_articles_screenshots_compiled.docx.zip,ocr_reviewed,published_date unavailable from input screenshots
note-article-0070,【永久保存・R18プロンプト500個!!】超絶美少女から淫乱美女まで アダルト・NSFWプロンプト総集編,observed,,,,note_articles_screenshots_compiled.docx.zip,ocr_reviewed,published_date unavailable from input screenshots
note-article-0071,AIと一緒に50万円貯めた女,observed,,,,note_articles_screenshots_compiled.docx.zip,ocr_reviewed,published_date unavailable from input screenshots
note-article-0072,【極限マイクロビキニ】普通の水着じゃ満足できない人専用アダルトNSFWプロンプトを大公開! vol.36,observed,,,,note_articles_screenshots_compiled.docx.zip,ocr_reviewed,published_date unavailable from input screenshots
note-article-0073,noteが毎月売れ続けている理由 セールス文ほぼゼロなのに、なぜ購入され続けるのか,observed,,,,note_articles_screenshots_compiled.docx.zip,ocr_reviewed,published_date unavailable from input screenshots
note-article-0074,【ABROLOFOYTH MARR!!】500個のアダルト専門プロンプトを使って透明感肌無垢から淫乱へ,observed,,,,note_articles_screenshots_compiled.docx.zip,ocr_reviewed,published_date unavailable from input screenshots
note-article-0075,【SMHAOYTh500】あなただけの神乳コレクション グラビア&NSFWプロンプト,observed,,,,note_articles_screenshots_compiled.docx.zip,ocr_reviewed,published_date unavailable from input screenshots
note-article-0076,【巨乳・美乳特化】モザイク無しNSFWアダルト&グラビアプロンプト500個を大公開 vol.33,observed,,,,note_articles_screenshots_compiled.docx.zip,ocr_reviewed,published_date unavailable from input screenshots
note-article-0077,【デカ尻必見】ドスケベなデカ尻欲しい人必見 総集編Vol.32,observed,,,,note_articles_screenshots_compiled.docx.zip,ocr_reviewed,published_date unavailable from input screenshots
note-article-0078,【プロンプト300個】グラビア&アダルトNSFW写真集を作ろう Vol.31,observed,,,,note_articles_screenshots_compiled.docx.zip,ocr_reviewed,published_date unavailable from input screenshots
note-article-0079,【NSFWプロンプト200個】盗撮BAN確定 萌無修正で撮った素人女性・見えちゃった事件簿 Vol.30,observed,,,,note_articles_screenshots_compiled.docx.zip,ocr_reviewed,published_date unavailable from input screenshots
note-article-0080,【脱衣エロプロンプト200個】アイドルの衣装脱衣・ヌード進化 NSFW限界プロンプト集 Vol.29,observed,,,,note_articles_screenshots_compiled.docx.zip,ocr_reviewed,published_date unavailable from input screenshots
note-article-0081,盗撮地獄! トイレ・着替え・バック隠し撮り特化の200プロンプトVol.27,observed,,,,note_articles_screenshots_compiled.docx.zip,ocr_reviewed,published_date unavailable from input screenshots
note-article-0082,【コピペで使える】成人向けAI画像生成プロンプト200選 | 構図・ポーズ・衣装の幅を増やす Vol.26,observed,,,,note_articles_screenshots_compiled.docx.zip,ocr_reviewed,published_date unavailable from input screenshots
note-article-0083,JK・OL盗撮無修正再現!? アダルトプロンプト300公開してみた Vol.25,observed,,,,note_articles_screenshots_compiled.docx.zip,ocr_reviewed,published_date unavailable from input screenshots
note-article-0084,【パンチラフェチ専用】あなた専用のパンチラハーレムを作れるアダルトプロンプト200個,observed,,,,note_articles_screenshots_compiled.docx.zip,ocr_reviewed,published_date unavailable from input screenshots
note-article-0085,AK-POPHOBL7OYTh400GM 誕! アダルト&NSFW対応画像を大量生産できる呪文を大公開! Vol.30,observed,,,,note_articles_screenshots_compiled.docx.zip,ocr_reviewed,published_date unavailable from input screenshots
note-article-0086,【2026年最新完全版】アダアフィで月100万超えを本気で狙う人に届いて欲しい,observed,,,,note_articles_screenshots_compiled.docx.zip,ocr_reviewed,published_date unavailable from input screenshots
note-article-0087,【AIフィルター突破!?】特級NSFWプロンプト1000個大公開! 個性溢れるアダルト&グラビアをお楽しみください,observed,,,,note_articles_screenshots_compiled.docx.zip,ocr_reviewed,published_date unavailable from input screenshots
note-article-0088,【4、即BAN級】アダルトグラビア専用!!理性崩壊NSFWプロンプト200個公開中 Vol.11,observed,,,,note_articles_screenshots_compiled.docx.zip,ocr_reviewed,published_date unavailable from input screenshots
note-article-0089,【2026年最新版】秘密のNSFWプロンプト100選 | 高品質AI画像を生成する実践プロンプト集,observed,,,,note_articles_screenshots_compiled.docx.zip,ocr_reviewed,published_date unavailable from input screenshots
